name,category,address,score,eval_cnt,review_cnt
아리차이 신림점,중화요리,(지번) 신림동 1430-11,3.8,64건,리뷰 45
디자이너리카페,카페,(지번) 신림동 1465-12,3.6,33건,리뷰 184
원조민속순대타운,순대,(지번) 신림동 1640-31,3.3,30건,리뷰 175
월화고기 보라매직영점,"육류,고기",(지번) 봉천동 732-3,4.2,103건,리뷰 215
막불감동 신림본점,냉면,(지번) 신림동 1433-60,3.7,41건,리뷰 97
미가할매집,"육류,고기",(지번) 신림동 1428-21,3.7,16건,리뷰 31
포말커피,카페,(지번) 신림동 1432-119,4.7,27건,리뷰 148
멕스칸즉석햄버거,분식,(지번) 봉천동 698-28,4.6,28건,리뷰 71
만성찬팅,양꼬치,(지번) 신림동 75-42,3.3,60건,리뷰 153
깡통닭갈비,닭요리,(지번) 신림동 1433-69,4.1,28건,리뷰 290
춘천골숯불닭갈비,닭요리,(지번) 신림동 1433-128,4.8,24건,리뷰 78
강강술래 신림점,"육류,고기",(지번) 신림동 10-518,2.3,37건,리뷰 106
서울갈비 신림점,갈비,(지번) 신림동 1410-17,4.2,48건,리뷰 137
마뇨떡볶이,떡볶이,(지번) 신림동 1638-1,4.1,46건,리뷰 100
서울집 신림직영점,"육류,고기",(지번) 신림동 1430-12,4.6,14건,리뷰 96
아리차이 신림점,중화요리,(지번) 신림동 1430-11,3.8,64건,리뷰 45
디자이너리카페,카페,(지번) 신림동 1465-12,3.6,33건,리뷰 184
원조민속순대타운,순대,(지번) 신림동 1640-31,3.3,30건,리뷰 175
월화고기 보라매직영점,"육류,고기",(지번) 봉천동 732-3,4.2,103건,리뷰 215
막불감동 신림본점,냉면,(지번) 신림동 1433-60,3.7,41건,리뷰 97
미가할매집,"육류,고기",(지번) 신림동 1428-21,3.7,16건,리뷰 31
포말커피,카페,(지번) 신림동 1432-119,4.7,27건,리뷰 148
멕스칸즉석햄버거,분식,(지번) 봉천동 698-28,4.6,28건,리뷰 71
만성찬팅,양꼬치,(지번) 신림동 75-42,3.3,60건,리뷰 153
깡통닭갈비,닭요리,(지번) 신림동 1433-69,4.1,28건,리뷰 290
춘천골숯불닭갈비,닭요리,(지번) 신림동 1433-128,4.8,24건,리뷰 78
강강술래 신림점,"육류,고기",(지번) 신림동 10-518,2.3,37건,리뷰 106
서울갈비 신림점,갈비,(지번) 신림동 1410-17,4.2,48건,리뷰 137
마뇨떡볶이,떡볶이,(지번) 신림동 1638-1,4.1,46건,리뷰 100
서울집 신림직영점,"육류,고기",(지번) 신림동 1430-12,4.6,14건,리뷰 96
하정식당,일본식주점,(지번) 봉천동 702-78,4.1,11건,리뷰 55
미남참치,참치회,(지번) 신림동 1433-114,3.2,13건,리뷰 30
고베규카츠 신림점,"돈까스,우동",(지번) 신림동 1639-27,3.7,26건,리뷰 308
정담은보쌈 신림점,"족발,보쌈",(지번) 봉천동 959-4,4.3,54건,리뷰 123
신림황소곱창,"곱창,막창",(지번) 신림동 1434-14,4.1,16건,리뷰 217
비엔나커피하우스 신림점,커피전문점,(지번) 신림동 1431-12,4.4,15건,리뷰 51
우리축산정육식당,"육류,고기",(지번) 신림동 1432-126,3.9,32건,리뷰 116
술이남,"호프,요리주점",(지번) 신림동 1431-43,4.7,10건,리뷰 52
미나리생삼겹,삼겹살,(지번) 신림동 1433-139,4.4,29건,리뷰 77
토당골,삼계탕,(지번) 신림동 1425-8,4.5,6건,리뷰 31
또순이순대 본점,순대,(지번) 신림동 1640-31,1.6,49건,리뷰 185
신촌황소곱창,"곱창,막창",(지번) 신림동 1433-63,3.2,18건,리뷰 40
고모네정육식당 신원시장점,"육류,고기",(지번) 신림동 1602-1,3.6,22건,리뷰 80
제주탐하리 신림점,"육류,고기",(지번) 신림동 1433-67,3.3,6건,리뷰 72
효자골,감자탕,(지번) 신림동 1427-17,4.1,25건,리뷰 40
쿠우쿠우 보라매공원점,해산물뷔페,(지번) 신대방동 395-69,2.9,60건,리뷰 125
초밥아저씨,"초밥,롤",(지번) 신림동 1602-2,3.3,23건,리뷰 30
불삼시대,삼겹살,(지번) 신림동 1432-111,3.5,14건,리뷰 85
미남포차,실내포장마차,(지번) 신림동 1429-2,4.7,9건,리뷰 43
장터참숯무한리필 신림점,"육류,고기",(지번) 신림동 1430-5,3.0,8건,리뷰 24
서울밥집,한식,(지번) 신림동 1639-57,3.4,25건,리뷰 27
가네끼스시,"초밥,롤",(지번) 신대방동 395-69,4.1,20건,리뷰 108
어사출또 신림역점,회,(지번) 신림동 1433-64,3.8,8건,리뷰 31
탐나종합어시장,일식집,(지번) 신림동 1422-6,2.5,10건,리뷰 83
해족단,술집,(지번) 신림동 1429-4,4.0,15건,리뷰 57
카페인중독 신림본점,커피전문점,(지번) 신림동 1455-1,2.7,15건,리뷰 45
김덕후의곱창조 신림점,"곱창,막창",(지번) 신림동 1438-23,2.1,16건,리뷰 40
부뚜막,"육류,고기",(지번) 신림동 1433-74,3.2,12건,리뷰 218
부추삼겹살 딱이야 본점,삼겹살,(지번) 신림동 1432-128,4.3,7건,리뷰 83
인생고기,"육류,고기",(지번) 신림동 1458-3,3.5,4건,리뷰 73
아웃백스테이크하우스 신대방점,패밀리레스토랑,(지번) 신대방동 395-69,4.1,19건,리뷰 56
봉평옹심이메밀칼국수,국수,(지번) 신림동 1450-24,4.5,28건,리뷰 49
오첨지,"해물,생선",(지번) 신림동 1639-32,3.9,24건,리뷰 108
쩐호우양꼬치&샤브샤브,양꼬치,(지번) 신림동 1433-74,2.6,18건,리뷰 79
목포수산,회,(지번) 신림동 1587-14,3.9,9건,리뷰 30
라공방 신림점,중화요리,(지번) 신림동 1422-5,3.4,53건,리뷰 144
르브와 신림점,이탈리안,(지번) 신림동 1637-26,3.3,15건,리뷰 138
신도세기 보라매점,"육류,고기",(지번) 신대방동 395-66,3.7,9건,리뷰 93
스시이치자,"초밥,롤",(지번) 신림동 1459-17,4.9,12건,리뷰 39
장수촌 풍천장어직판장,장어,(지번) 신림동 1427-3,3.8,4건,리뷰 12
대원갈비,갈비,(지번) 신림동 1432-68,3.0,9건,리뷰 33
진화로 신림본점,일본식주점,(지번) 신림동 1430-50,3.3,3건,리뷰 94
짬뽕갑 본점,중화요리,(지번) 신림동 1459-4,1.1,12건,리뷰 42
포라인스커피,커피전문점,(지번) 신림동 1639-6,3.5,26건,리뷰 24
아우성황소곱창 신림본점,"곱창,막창",(지번) 신림동 1433-71,3.3,3건,리뷰 122
길초밥,"초밥,롤",(지번) 신림동 1587-29,3.3,20건,리뷰 42
사생활,카페,(지번) 신림동 496-37,4.1,32건,리뷰 159
생생조개,조개,(지번) 신림동 1587-6,3.6,16건,리뷰 54
치킨공방 신림점,치킨,(지번) 신림동 1433-76,3.8,5건,리뷰 27
길동우동집,"돈까스,우동",(지번) 신림동 1424-8,2.1,30건,리뷰 13
할매보쌈,"족발,보쌈",(지번) 신림동 1432-76,3.8,12건,리뷰 41
가야,"호프,요리주점",(지번) 신림동 1640-44,3.9,10건,리뷰 147
미남대게 신림점,"게,대게",(지번) 신림동 1421-45,2.1,12건,리뷰 144
통큰갈비,갈비,(지번) 신림동 1433-32,3.5,15건,리뷰 18
고객만족,"족발,보쌈",(지번) 신림동 1433-58,3.6,8건,리뷰 249
생각보다맛있는집 신림점,국수,(지번) 신림동 1429-2,3.9,9건,리뷰 32
스타벅스 신림점,커피전문점,(지번) 신림동 1432-71,3.0,14건,리뷰 19
조개천하,조개,(지번) 신림동 1638-15,3.8,4건,리뷰 39
투닷츠베이커리 (휴업중),"제과,베이커리",(지번) 신림동 1639-4,3.7,18건,리뷰 54
투썸플레이스 신림역점,커피전문점,(지번) 신림동 1424-28,2.5,8건,리뷰 9
고래감자탕 신림점,감자탕,(지번) 신림동 1438-13,2.6,8건,리뷰 65
도쿄술집 신림역점,일본식주점,(지번) 신림동 1640-35,2.8,4건,리뷰 48
스타벅스 신림사거리점,커피전문점,(지번) 신림동 1422-36,4.2,15건,리뷰 12
봉구통닭 신림역점,치킨,(지번) 신림동 1638-26,4.7,3건,리뷰 134
남고집 신림점,"육류,고기",(지번) 신림동 1422-22,4.1,8건,리뷰 59
포도원삼계탕 2호점,삼계탕,(지번) 신림동 1641-19,3.7,9건,리뷰 103
옛날농장,"육류,고기",(지번) 신림동 1427-4,4.4,5건,리뷰 8
스시락,"초밥,롤",(지번) 신림동 1424-11,3.6,12건,리뷰 27
독도해물탕 신림점,"매운탕,해물탕",(지번) 신림동 1433-76,4.8,4건,리뷰 14
스타벅스 보라매공원R점,커피전문점,(지번) 신대방동 395-65,4.1,17건,리뷰 39
중화요리팔공,중화요리,(지번) 신림동 10-621,4.3,47건,리뷰 80
사이공본가 신림점,베트남음식,(지번) 신림동 1433-88,4.0,13건,리뷰 75
해인어시장,회,(지번) 신림동 1433-120,3.0,4건,리뷰 53
전주식당,한식,(지번) 신림동 1421-41,3.7,11건,리뷰 35
육회공작소 신림점,"육류,고기",(지번) 신림동 1640-41,2.8,6건,리뷰 41
전주익산집,순대,(지번) 신림동 1640-31,3.2,20건,리뷰 580
양평해장국 봉천점,해장국,(지번) 보라매동 972-4,2.8,30건,리뷰 23
정통계란말이김밥,분식,(지번) 신림동 1427-14,1.8,10건,리뷰 21
이태리부대찌개 보라매점,"찌개,전골",(지번) 봉천동 702-108,3.1,9건,리뷰 28
강남곱창이야기 신림점,"곱창,막창",(지번) 신림동 1438-17,4.5,13건,리뷰 72
마티스커피 신림점,커피전문점,(지번) 서원동 1638-5,3.7,24건,리뷰 6
플레이온보드게임카페 신림점,보드카페,(지번) 신림동 1639-8,4.0,4건,리뷰 54
북촌서서갈비 신림점,갈비,(지번) 신림동 1433-71,3.2,6건,리뷰 38
구루메키친,일본식주점,(지번) 신림동 1433-95,3.8,12건,리뷰 26
설빙 신림점,디저트카페,(지번) 신림동 1640-1,1.3,23건,리뷰 28
수제킹 30Cm돈까스 신림1호점,"돈까스,우동",(지번) 신림동 1460-1,3.7,23건,리뷰 9
왕재곱창구이,"곱창,막창",(지번) 봉천동 971-14,4.0,5건,리뷰 17
역전할머니맥주 서울신림점,"호프,요리주점",(지번) 신림동 1638-24,2.4,7건,리뷰 28
자매멸치국수,국수,(지번) 신림동 1461-1,2.8,12건,리뷰 23
맥도날드 신림점,패스트푸드,(지번) 신림동 1641-22,2.6,24건,리뷰 16
스타벅스 신림역포도몰점,커피전문점,(지번) 신림동 1641-101,3.9,18건,리뷰 24
달다어요,카페,(지번) 신림동 1419-23,3.8,16건,리뷰 80
돼지고기한주먹 주먹대장 신림본점,"육류,고기",(지번) 신림동 1429-1,5.0,4건,리뷰 21
백년불고기물갈비 신림역점,갈비,(지번) 신림동 1587-10,2.4,5건,리뷰 31
스시나마,"초밥,롤",(지번) 신림동 1641-9,3.1,23건,리뷰 37
동해안회집,회,(지번) 신림동 1432-63,5.0,1건,리뷰 2
타요키즈카페 보라매점,키즈카페,(지번) 신대방동 395-69,3.7,6건,리뷰 15
버거킹 신림역점,패스트푸드,(지번) 신림동 1641-17,2.6,28건,리뷰 16
서울뼛국,해장국,(지번) 신림동 1639-57,3.1,14건,리뷰 42
함지박치즈등갈비 신림2호점,갈비,(지번) 신림동 1434-7,2.4,5건,리뷰 59
소곱소곱,"곱창,막창",(지번) 신림동 1425-8,5.0,5건,리뷰 46
신사리포차,실내포장마차,(지번) 신림동 1638-25,2.5,4건,리뷰 26
구영회참치&초밥 신림점,참치회,(지번) 신림동 1637-26,4.4,23건,리뷰 63
써브웨이 신림역점,샌드위치,(지번) 신림동 1421-29,1.6,49건,리뷰 14
도노텀블 보라매점,카페,(지번) 봉천동 735-10,3.8,12건,리뷰 33
할리스 신림점,커피전문점,(지번) 신림동 1432-72,2.9,21건,리뷰 9
차이30,중식,(지번) 신대방동 395-70,4.6,9건,리뷰 82
낮부엉이,"호프,요리주점",(지번) 신림동 1433-95,5.0,3건,리뷰 43
개미집 신림점,"해물,생선",(지번) 신림동 1640-46,3.0,9건,리뷰 47
맘스터치 신림역점,패스트푸드,(지번) 신림동 1433-51,2.4,29건,리뷰 10
신림양꼬치,양꼬치,(지번) 신림동 1425-23,4.5,2건,리뷰 27
숯총각닭발꼼장어,치킨,(지번) 신림동 1432-137,5.0,1건,리뷰 19
투썸플레이스 신림로점,커피전문점,(지번) 신림동 1641-107,3.6,12건,리뷰 8
신림집,삼겹살,(지번) 신림동 1639-30,2.7,6건,리뷰 91
똥개네퓨전포차,실내포장마차,(지번) 신림동 1423-19,4.5,4건,리뷰 42
마스터 산더미파불고기,"불고기,두루치기",(지번) 신림동 1439-13,4.5,2건,리뷰 42
신사리즉석불떡볶이,떡볶이,(지번) 신림동 1639-33,3.9,7건,리뷰 34
서가앤쿡 서울신림역점,양식,(지번) 신림동 1424-28,2.3,16건,리뷰 65
시간을들이다,"제과,베이커리",(지번) 상도동 304-12,4.3,46건,리뷰 115
홍대몬스터피자 신림점,피자,(지번) 신림동 1425-11,4.0,1건,리뷰 25
신쭈꾸미,"해물,생선",(지번) 신림동 1431-16,2.7,7건,리뷰 26
Cafe H,카페,(지번) 신림동 1442-14,3.5,11건,리뷰 17
매갈,갈비,(지번) 신림동 1439-13,3.0,1건,리뷰 38
스타벅스 보라매대교점,커피전문점,(지번) 봉천동 729-21,3.8,10건,리뷰 8
신풍루곱창,"곱창,막창",(지번) 봉천동 957-18,3.7,22건,리뷰 65
신림정,갈비,(지번) 신림동 1428-5,3.7,3건,리뷰 5
황제갈비,갈비,(지번) 신림동 1411-28,4.8,13건,리뷰 17
삼촌네,순대,(지번) 신림동 1640-38,3.5,13건,리뷰 173
혼맛스시,"초밥,롤",(지번) 신림동 1421-60,4.2,10건,리뷰 28
복돈이부추삼겹살집 신림3호점,삼겹살,(지번) 신림동 1432-88,4.2,5건,리뷰 7
더진국 신림점,국밥,(지번) 신림동 1640-1,3.4,13건,리뷰 13
솟대막걸리양조장,술집,(지번) 신림동 1637-7,3.8,12건,리뷰 28
불타는꼬꼬발 1호점,닭요리,(지번) 신림동 1464-18,5.0,5건,리뷰 20
이태리로간고등어,"해물,생선",(지번) 신대방동 395-69,2.3,16건,리뷰 86
꼬꼬아찌숯불치킨 신림역점,치킨,(지번) 신림동 1639-26,3.8,12건,리뷰 37
만물다방,다방,(지번) 봉천동 969-44,4.7,7건,리뷰 21
십원집 신림점,"육류,고기",(지번) 신림동 1424-19,4.7,3건,리뷰 14
원주골돌솥추어탕,추어,(지번) 신림동 1445-14,2.7,6건,리뷰 25
형제집,"육류,고기",(지번) 신림동 1639-16,3.0,2건,리뷰 157
순곱이네,"찌개,전골",(지번) 신림동 1433-18,4.4,11건,리뷰 62
전티마이베트남쌀국수 보라매점,베트남음식,(지번) 봉천동 702-36,4.0,6건,리뷰 35
지리산삼계탕 2호점,삼계탕,(지번) 신림동 1641-40,2.0,5건,리뷰 99
파리바게뜨 신림사거리점,"제과,베이커리",(지번) 신림동 1433-86,2.6,11건,리뷰 4
큐슈라멘 신림점,일본식라면,(지번) 신림동 1459-3,3.4,15건,리뷰 10
신안산낙지,"해물,생선",(지번) 봉천동 972-29,3.3,7건,리뷰 19
일상식당,일식,(지번) 봉천동 707-3,4.4,26건,리뷰 30
곱창나라,"곱창,막창",(지번) 신림동 1433-74,3.2,9건,리뷰 69
24시전주콩나물국밥,국밥,(지번) 신림동 1458-3,3.2,6건,리뷰 7
독특하개,애견카페,(지번) 신림동 1438-13,5.0,1건,리뷰 9
우리집팔당닭발 신림점,한식,(지번) 신림동 1430-48,4.5,2건,리뷰 80
단빠,일식집,(지번) 신대방동 395-70,4.5,2건,리뷰 9
킴쓰해물로스,"해물,생선",(지번) 신림동 1637-3,4.1,12건,리뷰 80
나는남자닭,치킨,(지번) 신림동 1424-2,4.1,14건,리뷰 15
육첩반상 신림점,"육류,고기",(지번) 신림동 1639-1,3.1,12건,리뷰 34
두만강샤브샤브양꼬치,샤브샤브,(지번) 신림동 1429-17,4.2,6건,리뷰 11
맥주활력수,"호프,요리주점",(지번) 신림동 1637-23,3.9,7건,리뷰 43
크래프트한스 신림점,"호프,요리주점",(지번) 서원동 1639-29,3.7,11건,리뷰 36
고릴라수제버거&컵밥 신림점,햄버거,(지번) 신림동 1461-1,4.3,11건,리뷰 7
옛날집,"육류,고기",(지번) 신림동 1413-17,3.9,12건,리뷰 43
베러댄와플 신림점,"제과,베이커리",(지번) 신림동 1433-127,3.9,7건,리뷰 14
북경반점,중화요리,(지번) 신림동 75-43,1.9,13건,리뷰 19
노랑통닭 신림점,치킨,(지번) 신림동 1434-8,2.8,8건,리뷰 20
문성골족발집,"족발,보쌈",(지번) 신림동 1636-35,4.3,9건,리뷰 118
시부야38 신림본점,일본식주점,(지번) 신림동 1640-30,0.0,0건,리뷰 31
게장뷔페,뷔페,(지번) 봉천동 728-61,2.5,13건,리뷰 33
KFC 보라매점,패스트푸드,(지번) 신대방동 395-73,1.9,18건,리뷰 11
써브웨이 보라매점,샌드위치,(지번) 신대방동 708,1.8,33건,리뷰 6
넥스트에디션 신림점,테마카페,(지번) 신림동 1640-1,5.0,1건,리뷰 71
신림매운등갈비찜,갈비,(지번) 신림동 1432-53,3.2,5건,리뷰 7
홍콩반점0410 신림역점,중화요리,(지번) 신림동 1639-1,3.9,14건,리뷰 17
하하호호이모포차,실내포장마차,(지번) 신림동 1425-29,5.0,2건,리뷰 13
무쏘 신림역점,"육류,고기",(지번) 신림동 1640-26,1.0,7건,리뷰 19
쉬즈베이글 신림점,디저트카페,(지번) 신림동 1433-227,2.8,5건,리뷰 14
동대문엽기떡볶이 신림점,떡볶이,(지번) 신림동 1432-175,2.0,7건,리뷰 12
단골손님 신림점,"호프,요리주점",(지번) 신림동 1640-36,1.0,1건,리뷰 37
싸움의고수 신림점,"족발,보쌈",(지번) 신림동 1637-4,2.4,18건,리뷰 21
카페베네 신림역점,커피전문점,(지번) 신림동 1640-3,2.5,6건,리뷰 9
두둑한샤브칼국수 신림점,샤브샤브,(지번) 신림동 1421-45,4.4,11건,리뷰 24
혼자두면 장판뜯어서차린 개카페,애견카페,(지번) 봉천동 959-2,3.0,4건,리뷰 29
광어&연어,회,(지번) 신림동 1464-12,4.4,5건,리뷰 21
룸펜,"호프,요리주점",(지번) 신림동 1424-3,5.0,10건,리뷰 23
봉용파절이삼겹살,"불고기,두루치기",(지번) 신림동 1443-32,2.3,6건,리뷰 17
옛골맛족발 신림직영점,"족발,보쌈",(지번) 신림동 1430-48,0.0,0건,리뷰 7
거해참치,참치회,(지번) 신림동 1422-3,4.8,4건,리뷰 21
포차끝판왕,실내포장마차,(지번) 신림동 1638-19,0.0,0건,리뷰 155
명품횡성한우가 직영점,"육류,고기",(지번) 신림동 1416-26,1.0,2건,리뷰 9
꼬주막,한식,(지번) 신림동 1433-69,2.0,1건,리뷰 83
감성오뎅,오뎅바,(지번) 신림동 1432-137,5.0,3건,리뷰 19
명동찌개마을 신림점,"찌개,전골",(지번) 신림동 1421-61,2.1,9건,리뷰 9
만나칼국수,국수,(지번) 보라매동 701-1,4.8,5건,리뷰 12
도미노피자 보라매점,피자,(지번) 봉천동 968-29,4.0,2건,리뷰 12
막샵,"호프,요리주점",(지번) 신림동 1438-28,3.0,4건,리뷰 7
진1926 보라매점,"육류,고기",(지번) 신대방동 395-73,4.7,12건,리뷰 21
흥부보쌈,"족발,보쌈",(지번) 신림동 1638-20,4.3,6건,리뷰 61
1943,"호프,요리주점",(지번) 신림동 1640-13,2.0,1건,리뷰 7
아우성황소곱창 신림1호점,"곱창,막창",(지번) 신림동 1433-66,4.0,5건,리뷰 35
로데오김밥 보라매점,분식,(지번) 봉천동 972-1,5.0,8건,리뷰 0
양떼목장양꼬치,양꼬치,(지번) 신림동 1421-60,3.7,3건,리뷰 25
공차 신림역점,카페,(지번) 신림동 1433-49,2.8,15건,리뷰 14
성민양꼬치 신림역점,양꼬치,(지번) 신림동 1639-64,2.3,7건,리뷰 12
백스비어 신림역점,"호프,요리주점",(지번) 신림동 1640-36,2.0,3건,리뷰 9
셜록홈즈 신림1호점,테마카페,(지번) 신림동 1639-27,3.3,4건,리뷰 29
설빙 보라매점,디저트카페,(지번) 신대방동 708,1.3,3건,리뷰 11
신림닭꼬치,닭요리,(지번) 신림동 1439-18,4.5,8건,리뷰 12
포원제로 신림점,햄버거,(지번) 신림동 1458-3,4.5,4건,리뷰 38
돈가대박집,삼겹살,(지번) 봉천동 967-17,3.3,6건,리뷰 9
차르도르&펫살롱,애견카페,(지번) 봉천동 702-102,5.0,2건,리뷰 3
육쌈냉면 신림점,냉면,(지번) 신림동 1638-20,2.6,27건,리뷰 33
한신포차 신림역점,실내포장마차,(지번) 신림동 1640-14,2.4,5건,리뷰 14
키오참치 신림본점,참치회,(지번) 신림동 11-19,3.5,6건,리뷰 10
롯데리아 신림역점,패스트푸드,(지번) 신림동 1640-9,1.8,16건,리뷰 7
경성양꼬치 신림점,양꼬치,(지번) 신림동 1434-16,3.0,6건,리뷰 19
배스킨라빈스 신림점,아이스크림,(지번) 신림동 1637-2,4.5,8건,리뷰 16
현쇼쿠도,일본식주점,(지번) 신림동 1429-2,4.2,5건,리뷰 17
삼촌집,"초밥,롤",(지번) 신림동 1458-2,4.7,11건,리뷰 16
유가네닭갈비 신림점,닭요리,(지번) 신림동 1640-29,3.6,9건,리뷰 30
신룽푸마라탕,중화요리,(지번) 신림동 1424-11,3.4,8건,리뷰 14
현대옥 서울신림역점,국밥,(지번) 신림동 1432-87,2.2,10건,리뷰 16
루체에살레,이탈리안,(지번) 신림동 1455-1,4.9,10건,리뷰 28
서평면옥,냉면,(지번) 신대방동 395-70,4.2,15건,리뷰 19
짬뽕의복수,중화요리,(지번) 신림동 487-5,2.7,11건,리뷰 13
배영만 당진아구동태찜탕 보라매본,아구,(지번) 봉천동 728-83,2.7,3건,리뷰 18
공간마카롱,"제과,베이커리",(지번) 신림동 1641-26,5.0,6건,리뷰 33
오술차 신림점,"호프,요리주점",(지번) 신림동 1639-38,4.2,5건,리뷰 20
계림원 신림점,치킨,(지번) 신림동 1455-2,4.7,3건,리뷰 16
인생고기 신림역점,"육류,고기",(지번) 신림동 1433-59,3.3,3건,리뷰 27
쪽갈비예감 신림점,갈비,(지번) 신림동 1412-12,1.7,3건,리뷰 12
두끼떡볶이 신림역점,떡볶이,(지번) 신림동 1641-23,3.1,17건,리뷰 28
아재포차,실내포장마차,(지번) 신림동 1420-15,2.3,3건,리뷰 96
부엉이돈가스 롯데백화점 관악점,"돈까스,우동",(지번) 봉천동 729-22,4.6,22건,리뷰 110
모스키친,"돈까스,우동",(지번) 신대방동 344-15,4.2,56건,리뷰 101
신림국수,국수,(지번) 신림동 1434-15,3.4,5건,리뷰 36
상남스시,"초밥,롤",(지번) 신대방동 361-50,4.1,37건,리뷰 132
하노이별 신림역점,동남아음식,(지번) 신림동 1421-29,3.7,10건,리뷰 12
시골장칼국수,국수,(지번) 신림동 1421-49,4.8,15건,리뷰 11
갈비촌,갈비,(지번) 신림동 1637-20,1.8,6건,리뷰 11
탕화쿵푸마라탕 신림점,중화요리,(지번) 신림동 1639-19,2.4,11건,리뷰 14
마실밤,술집,(지번) 신림동 1433-227,5.0,7건,리뷰 46
안단단맛,디저트카페,(지번) 신림동 1635-44,4.9,24건,리뷰 38
손칼국수잘하는집,국수,(지번) 신림동 1460-1,4.5,11건,리뷰 13
신림한우,설렁탕,(지번) 신림동 1424-19,0.0,0건,리뷰 34
열정분식소 제발주문점,떡볶이,(지번) 봉천동 968-20,3.7,6건,리뷰 6
할리스 신림사거리점,커피전문점,(지번) 신림동 1433-51,3.2,5건,리뷰 0
서일순대국,순대,(지번) 신대방동 377-1,3.4,118건,리뷰 175
채린,중화요리,(지번) 신림동 1429-4,4.5,10건,리뷰 5
고앤고 본점,"육류,고기",(지번) 봉천동 959-2,4.7,14건,리뷰 28
왕주먹,"육류,고기",(지번) 신림동 75-25,3.8,12건,리뷰 63
배스킨라빈스 보라매타운점,아이스크림,(지번) 봉천동 972-21,3.8,5건,리뷰 4
소문난횟집 어회가,회,(지번) 신림동 1434-21,2.5,6건,리뷰 3
광어2마리15000원&포장전문점,회,(지번) 신림동 1445-16,3.2,9건,리뷰 8
BHC치킨 신림역점,치킨,(지번) 신림동 11-17,1.4,16건,리뷰 8
한남식당,"사철탕,영양탕",(지번) 신림동 1464-15,4.7,3건,리뷰 10
도모다찌,일본식주점,(지번) 봉천동 972-30,5.0,2건,리뷰 8
굽네치킨 신림동점,치킨,(지번) 신림동 1459-8,2.2,5건,리뷰 2
소년의레시피,이탈리안,(지번) 신림동 1695,3.9,24건,리뷰 30
밀가루랑,키즈카페,(지번) 신림동 1443-37,5.0,4건,리뷰 16
마크빈베이커리 신림본점,"제과,베이커리",(지번) 신림동 1640-14,3.4,5건,리뷰 213
뚜레쥬르 신림사거리점,"제과,베이커리",(지번) 신림동 1422-30,3.6,5건,리뷰 5
레드버튼 신림점,보드카페,(지번) 신림동 1640-48,2.6,10건,리뷰 4
동궁찜닭,닭요리,(지번) 신림동 1431-39,3.7,3건,리뷰 0
오장면옥,냉면,(지번) 봉천동 972-5,3.7,3건,리뷰 6
불타는꼬꼬발 신림직영점,닭요리,(지번) 신림동 1416-24,4.3,4건,리뷰 28
생활맥주 신림역점,"호프,요리주점",(지번) 신림동 1432-128,3.7,3건,리뷰 12
마라탕전문점,중식,(지번) 신대방동 395-69,3.7,18건,리뷰 23
오장동흥남집 신림직영점,냉면,(지번) 신림동 1637-11,3.3,6건,리뷰 11
BBQ 보라매공원점,치킨,(지번) 봉천동 732-17,1.0,7건,리뷰 9
남오토코 신림점,일본식주점,(지번) 신림동 1640-28,5.0,2건,리뷰 17
비트포비아 신림점,테마카페,(지번) 신림동 1638-25,1.6,8건,리뷰 19
카츄마마 신림점,"돈까스,우동",(지번) 신림동 1424-28,1.8,5건,리뷰 42
베이징양꼬치훠궈,양꼬치,(지번) 신림동 1430-52,4.4,5건,리뷰 6
싸다김밥 신림역점,분식,(지번) 신림동 1425-17,1.8,10건,리뷰 7
어부사시가,"해물,생선",(지번) 신림동 1640-30,4.0,10건,리뷰 37
푸라닭치킨 신림점,치킨,(지번) 신림동 1433-92,3.4,8건,리뷰 7
숯불삼겹 신림본점,삼겹살,(지번) 신림동 1422-16,3.9,7건,리뷰 11
우마,일본식주점,(지번) 신림동 1695,3.7,6건,리뷰 83
도우다베이커리,"제과,베이커리",(지번) 신림동 1442-17,4.4,16건,리뷰 9
종가할머니보쌈,"족발,보쌈",(지번) 신림동 1640-16,3.0,3건,리뷰 17
포차1979 신림본점,실내포장마차,(지번) 신림동 1464-13,4.0,4건,리뷰 19
초통삼,삼겹살,(지번) 신림동 1639-1,2.3,13건,리뷰 28
불타는조개구이,조개,(지번) 신림동 1433-148,3.8,4건,리뷰 9
찬,일본식주점,(지번) 신림동 1432-176,1.0,1건,리뷰 24
발빠닭 신림역점,닭요리,(지번) 신림동 1640-26,0.0,0건,리뷰 31
피자탑 신림점,피자,(지번) 신림동 1415-27,4.0,5건,리뷰 22
칵테일&드림,칵테일바,(지번) 신림동 1640-13,3.8,11건,리뷰 25
얹다,일본식라면,(지번) 신림동 468-1,4.7,15건,리뷰 9
소야돼지야,"육류,고기",(지번) 신림동 1422-15,5.0,1건,리뷰 17
경성찹쌀꽈배기,도넛,(지번) 봉천동 971-4,5.0,3건,리뷰 5
샐러디 신림역점,샐러드,(지번) 신림동 1422-17,4.3,7건,리뷰 27
리틀하노이 서울신림역점,베트남음식,(지번) 신림동 1641-11,4.6,7건,리뷰 6
동해횟집,회,(지번) 신림동 1424-6,4.8,4건,리뷰 41
죠스떡볶이 신림2호점,떡볶이,(지번) 신림동 1432-70,1.6,12건,리뷰 6
히토리더사까나,일본식주점,(지번) 신림동 1639-58,3.7,3건,리뷰 38
악동통큰떡볶이 신림본점,떡볶이,(지번) 신림동 1640-48,4.3,3건,리뷰 17
60계 신림점,치킨,(지번) 신림동 1640-40,3.0,3건,리뷰 21
신림홍미닭발,닭요리,(지번) 신림동 1425-10,3.8,5건,리뷰 5
오늘와인한잔,와인바,(지번) 봉천동 702-100,4.7,3건,리뷰 10
도쿄스테이크 신림포도몰점,"스테이크,립",(지번) 신림동 1641-2,2.7,12건,리뷰 79
홍양양양꼬치,양꼬치,(지번) 신림동 1638-12,3.6,5건,리뷰 6
새옹,"초밥,롤",(지번) 신림동 1441-36,2.3,7건,리뷰 5
엔제리너스 신림역점,커피전문점,(지번) 신림동 1640-10,2.7,10건,리뷰 14
오늘와인한잔 신림점,와인바,(지번) 신림동 1639-27,3.5,2건,리뷰 15
등촌샤브칼국수 보라매점,샤브샤브,(지번) 신대방동 395-69,2.0,4건,리뷰 23
샐러디 보라매점,패스트푸드,(지번) 신대방동 395-66,2.9,15건,리뷰 16
근심좀덜고가,"호프,요리주점",(지번) 신림동 1431-41,5.0,1건,리뷰 4
이디야커피 신림패션문화점,커피전문점,(지번) 신림동 1451-2,5.0,2건,리뷰 3
술이남 두번째이야기,"호프,요리주점",(지번) 신림동 1432-12,3.3,3건,리뷰 18
오늘은 이태리,이탈리안,(지번) 신림동 1433-99,4.7,10건,리뷰 40
릿커피로스터스,커피전문점,(지번) 봉천동 972-37,4.5,10건,리뷰 13
청춘포차 신림역점,실내포장마차,(지번) 신림동 1639-2,1.0,1건,리뷰 2
피자헛 신림본점,피자,(지번) 신림동 1416-1,3.3,8건,리뷰 5
와인어클락 신림점,와인바,(지번) 신림동 1638-7,3.0,2건,리뷰 63
땡초우동 신림점,"돈까스,우동",(지번) 신림동 1434-18,0.0,0건,리뷰 4
투썸플레이스 보라매삼성쉐르빌점,커피전문점,(지번) 신대방동 395-66,3.4,8건,리뷰 4
미스터짱닭치킨 신림점,치킨,(지번) 신림동 1436-17,4.3,3건,리뷰 8
맛사랑쭈꾸미 신림점,"해물,생선",(지번) 신림동 1637-3,4.6,9건,리뷰 37
오토야,일식,(지번) 신림동 1637-8,3.8,13건,리뷰 16
김류정카페,카페,(지번) 신림동 1459-1,4.6,7건,리뷰 14
참치집,참치회,(지번) 신림동 1419-7,4.6,15건,리뷰 6
KFC 신림역점,패스트푸드,(지번) 신림동 86-3,3.2,15건,리뷰 10
틈새라면 신림점,분식,(지번) 신림동 1638-20,4.1,17건,리뷰 48
말뚝곱창 신림점,"곱창,막창",(지번) 신림동 1640-28,1.0,3건,리뷰 29
쥰케이크,"제과,베이커리",(지번) 신림동 1439-15,5.0,2건,리뷰 9
코코케이크,"제과,베이커리",(지번) 신림동 1638-17,4.0,5건,리뷰 0
짱형제곱창,"곱창,막창",(지번) 신림동 1430-51,0.0,0건,리뷰 52
돈수백 보라매점,국밥,(지번) 봉천동 702-97,3.7,6건,리뷰 17
접시고기 신림점,"육류,고기",(지번) 신림동 1432-162,4.0,2건,리뷰 7
파리바게뜨 신림역점,"제과,베이커리",(지번) 신림동 1640-13,1.0,3건,리뷰 3
이디야커피 신림중앙점,커피전문점,(지번) 신림동 1433-141,0.0,0건,리뷰 2
UFO버거 보라매점,햄버거,(지번) 신대방동 708,2.5,4건,리뷰 19
시네마전라도,순대,(지번) 신림동 1640-31,3.7,7건,리뷰 187
피자스쿨 신림역점,피자,(지번) 신림동 1639-19,2.3,12건,리뷰 8
오떡 신림점,떡볶이,(지번) 신림동 1433-120,4.5,4건,리뷰 26
버금새우 신림본점,"호프,요리주점",(지번) 신림동 1433-55,1.7,3건,리뷰 30
미식한잔,"호프,요리주점",(지번) 신림동 1640-23,0.0,0건,리뷰 31
더코드 신림점,테마카페,(지번) 신림동 1639-23,4.5,4건,리뷰 28
미스터피자 신림점,피자,(지번) 신림동 1637-23,3.1,8건,리뷰 30
유명한회집,회,(지번) 신림동 1431-2,1.0,2건,리뷰 2
가장맛있는족발 신림점,"족발,보쌈",(지번) 신림동 1431-43,0.0,0건,리뷰 6
놀숲 신림역점,만화카페,(지번) 신림동 1638-19,3.6,10건,리뷰 10
뚜레쥬르 신림역점,"제과,베이커리",(지번) 신림동 1641-19,4.4,5건,리뷰 2
던킨도너츠 신림양지병원점,도넛,(지번) 신림동 10-207,3.3,3건,리뷰 5
폴바셋 롯데백화점관악점,커피전문점,(지번) 봉천동 729-22,4.2,5건,리뷰 11
신전떡볶이 신림점,떡볶이,(지번) 봉천동 705-8,1.2,17건,리뷰 2
롯데리아 보라매타운점,패스트푸드,(지번) 신대방동 395-65,2.4,5건,리뷰 5
할리스 신림역점,커피전문점,(지번) 신림동 1637-1,3.1,8건,리뷰 7
탐라포차 신림본점,"호프,요리주점",(지번) 신림동 1638-19,2.0,1건,리뷰 4
몽캣,카페,(지번) 봉천동 703-3,2.6,5건,리뷰 7
홍콩반점0410 보라매공원점,중화요리,(지번) 신대방동 395-69,3.5,11건,리뷰 20
BHC치킨 신림당곡점,치킨,(지번) 봉천동 698-26,4.7,3건,리뷰 4
포36거리 신림역점,베트남음식,(지번) 신림동 84-23,4.4,8건,리뷰 54
마카롱놀이터,"제과,베이커리",(지번) 신림동 1418-33,4.4,5건,리뷰 13
이디야커피 당곡사거리점,커피전문점,(지번) 봉천동 970-22,5.0,2건,리뷰 1
오늘그집,실내포장마차,(지번) 신림동 1639-8,0.0,0건,리뷰 29
카페 드 발렌느,카페,(지번) 신림동 1432,4.5,2건,리뷰 21
디저트39 신림역점,디저트카페,(지번) 신림동 1638-15,3.7,3건,리뷰 7
백채김치찌개 신림점,"찌개,전골",(지번) 봉천동 972-1,4.0,2건,리뷰 5
하와이조개,조개,(지번) 신림동 1638-5,4.0,3건,리뷰 16
장항복집,복어,(지번) 신림동 1446-2,5.0,1건,리뷰 3
양지순천집,순대,(지번) 신림동 1640-38,0.0,0건,리뷰 31
청담육회,"호프,요리주점",(지번) 신림동 1640-33,0.0,0건,리뷰 4
종로빈대떡,한식,(지번) 신림동 1433-120,3.5,2건,리뷰 6
도토리편백집 롯데백화점 관악점,"육류,고기",(지번) 봉천동 729-22,3.8,5건,리뷰 48
서울김밥,한식,(지번) 신림동 1641-107,1.4,15건,리뷰 6
탐앤탐스 삼모타워신림역점,커피전문점,(지번) 신림동 1638-1,2.3,12건,리뷰 7
대우뼈감자탕 신원시장점,감자탕,(지번) 신림동 1587-22,4.8,8건,리뷰 7
황학동막창,"곱창,막창",(지번) 신림동 1433-92,3.0,2건,리뷰 20
삼삼당,삼겹살,(지번) 신림동 1641-11,5.0,3건,리뷰 67
진격의곱창,"곱창,막창",(지번) 신림동 1587-15,3.9,7건,리뷰 7
순남시래기 보라매점,한식,(지번) 신대방동 708,4.4,7건,리뷰 50
주터,실내포장마차,(지번) 신림동 1432-64,0.0,0건,리뷰 9
피자선생 봉천점,피자,(지번) 봉천동 970-3,4.2,6건,리뷰 7
왕실족발앤보쌈,"족발,보쌈",(지번) 신림동 1450-28,4.4,7건,리뷰 4
서우얼큰칼국수,국수,(지번) 신림동 525-29,4.4,20건,리뷰 23
송추골등갈비,갈비,(지번) 신림동 1443-27,5.0,4건,리뷰 12
신림동피자집,피자,(지번) 신림동 1638-3,3.8,5건,리뷰 24
김기철의 장수왕만두찐빵,분식,(지번) 신림동 1421-29,2.0,4건,리뷰 2
홍푸차이 신림점,중화요리,(지번) 신림동 507-26,2.0,14건,리뷰 14
고기싸롱 신대방역점,고기뷔페,(지번) 신림동 522-3,4.5,20건,리뷰 57
빽다방 신림역1호점,커피전문점,(지번) 신림동 1639-8,3.5,6건,리뷰 3
탐나종합어시장 난곡사거리점,회,(지번) 신림동 527-9,3.4,13건,리뷰 28
전라도집 미자네,순대,(지번) 신림동 1640-31,0.0,0건,리뷰 219
서래갈매기 신림문화의거리점,"육류,고기",(지번) 신림동 1439-8,0.0,0건,리뷰 6
모자원민물장어추어탕,장어,(지번) 봉천동 724-7,3.9,9건,리뷰 8
부추곱창,"곱창,막창",(지번) 신림동 1433-24,0.0,0건,리뷰 8
벌툰 신림점,만화카페,(지번) 신림동 1421-29,5.0,1건,리뷰 2
원조나주곰탕 봉천점,곰탕,(지번) 봉천동 972-42,2.5,2건,리뷰 1
아라쭈꾸미 신림5동점,"해물,생선",(지번) 신림동 1423-4,4.6,8건,리뷰 12
신림역전,한식,(지번) 신림동 1637-4,4.4,8건,리뷰 14
우드스탁,"호프,요리주점",(지번) 신림동 1639-65,4.6,5건,리뷰 3
아롱별식탁,퓨전한식,(지번) 신림동 1417-45,5.0,4건,리뷰 26
빽다방 보라매타운점,커피전문점,(지번) 봉천동 729-24,3.8,4건,리뷰 4
나나포차,술집,(지번) 신림동 1431-44,5.0,3건,리뷰 13
서서갈비,갈비,(지번) 봉천동 702-70,4.5,4건,리뷰 2
스윙펍,"호프,요리주점",(지번) 신림동 1637-26,3.6,5건,리뷰 102
배부장찌개가 신림점,"찌개,전골",(지번) 신림동 1439-5,3.0,5건,리뷰 8
테이스티빌런,"호프,요리주점",(지번) 신림동 1433-172,4.9,8건,리뷰 38
정원사주타로샵,사주카페,(지번) 신림동 1425-16,5.0,1건,리뷰 5
에그드랍 보라매점,샌드위치,(지번) 신대방동 395-73,4.0,6건,리뷰 17
미가짬뽕,중화요리,(지번) 신림동 1464-1,4.2,11건,리뷰 3
소랑돼지랑,"육류,고기",(지번) 봉천동 968-4,4.5,2건,리뷰 16
더불닭발,닭요리,(지번) 신림동 1416-23,5.0,3건,리뷰 20
푸짐한식당,한식,(지번) 신림동 1432-131,3.3,3건,리뷰 12
굴마을낙지촌 신림점,"굴,전복",(지번) 신림동 1422-17,3.4,9건,리뷰 19
커피온리 신림역점,커피전문점,(지번) 신림동 1421-29,5.0,1건,리뷰 3
코코호도 보라매점,"제과,베이커리",(지번) 봉천동 972-39,4.5,2건,리뷰 15
신온누리에 생돈까스전문점 대방점,"돈까스,우동",(지번) 대방동 407-27,1.8,53건,리뷰 93
하나비 2호점,"해물,생선",(지번) 신림동 1439-13,4.0,1건,리뷰 5
닭광정 신림역점,닭강정,(지번) 신림동 1641-107,2.0,18건,리뷰 28
신림춘천집 본점,닭요리,(지번) 신림동 1640-28,4.6,78건,리뷰 57
플로레스타229,카페,(지번) 신림동 1635-117,3.8,8건,리뷰 22
메가커피 보라매타운점,커피전문점,(지번) 신대방동 395-69,3.0,2건,리뷰 5
인연,카페,(지번) 신림동 465-35,5.0,1건,리뷰 8
고돼지 신림점,삼겹살,(지번) 신림동 1457-23,0.0,0건,리뷰 14
두리닭발,닭요리,(지번) 신림동 1417-34,5.0,2건,리뷰 6
미나리삼겹살,삼겹살,(지번) 신림동 1428-20,5.0,1건,리뷰 1
니뽕내뽕 신림점,퓨전요리,(지번) 신림동 1641-19,1.9,7건,리뷰 25
테이블1629,카페,(지번) 봉천동 947-15,4.3,14건,리뷰 71
킹콩부대찌개 신림역점,"찌개,전골",(지번) 신림동 1638-9,3.3,10건,리뷰 21
구름산원주추어탕,추어,(지번) 신림동 1587-4,5.0,1건,리뷰 7
장추추어탕 본점,추어,(지번) 봉천동 735-5,2.3,3건,리뷰 4
북촌손만두 신림점,분식,(지번) 신림동 1424-9,2.5,4건,리뷰 14
죽이야기 신림역점,죽,(지번) 신림동 1425-13,3.7,3건,리뷰 2
레드제플린,카페,(지번) 신림동 1641-50,4.3,3건,리뷰 14
맛있는술집여기미술관 신림점,"호프,요리주점",(지번) 신림동 1640-35,1.0,2건,리뷰 8
낭풍 신림점,"찌개,전골",(지번) 신림동 1637-3,2.9,10건,리뷰 4
마포화곱창 신림점,"곱창,막창",(지번) 신림동 1458-11,5.0,3건,리뷰 14
시골집영양탕,"사철탕,영양탕",(지번) 봉천동 961-3,5.0,2건,리뷰 5
어심,회,(지번) 신림동 1423-21,3.0,2건,리뷰 3
반지더하기 신림점,테마카페,(지번) 신림동 1639-29,2.3,3건,리뷰 14
더리터 신림점,커피전문점,(지번) 신림동 1441-28,2.3,6건,리뷰 2
배바우,쌈밥,(지번) 신림동 1641-36,4.8,9건,리뷰 14
본죽&비빔밥cafe 관악우체국점,퓨전한식,(지번) 신림동 1412-4,2.5,10건,리뷰 5
학주스시,"초밥,롤",(지번) 신림동 1429-9,4.8,4건,리뷰 30
메가커피 신림역점,커피전문점,(지번) 신림동 1638-19,1.5,4건,리뷰 2
이디야커피 신림르네상스점,커피전문점,(지번) 신림동 1422-38,3.3,3건,리뷰 4
오뎅집모이,오뎅바,(지번) 신림동 1432-2,3.0,3건,리뷰 2
영빈관,중화요리,(지번) 신림동 1410-15,3.6,8건,리뷰 7
치킨선생 신림점,치킨,(지번) 봉천동 703-23,4.2,5건,리뷰 6
방앗간,카페,(지번) 신림동 1465-16,4.3,6건,리뷰 23
소문난순대국,순대,(지번) 신림동 1587-34,3.5,6건,리뷰 13
김종용누룽지통닭 신림점,치킨,(지번) 신림동 1410-4,4.0,1건,리뷰 19
불난술집 신림점,술집,(지번) 신림동 1640-26,0.0,0건,리뷰 9
김가네 신림문화의거리점,분식,(지번) 신림동 1459-4,2.3,3건,리뷰 3
#도쿄시장 신림점,"호프,요리주점",(지번) 신림동 1639-30,0.0,0건,리뷰 18
어사출또 봉천점,회,(지번) 봉천동 952-18,4.0,1건,리뷰 42
서연횟집,회,(지번) 봉천동 702-108,3.3,7건,리뷰 4
수현이네통닭,치킨,(지번) 신림동 1424-4,5.0,3건,리뷰 5
태능참숯불갈비,갈비,(지번) 봉천동 734-16,5.0,1건,리뷰 2
명랑핫도그 신림점,패스트푸드,(지번) 신림동 1641-12,3.0,10건,리뷰 4
아비꼬 신림역점,퓨전요리,(지번) 신림동 1639-29,1.4,16건,리뷰 22
달구리삼겹살,삼겹살,(지번) 신림동 1433-142,4.2,5건,리뷰 6
속초오징어어시장 보라매점,"해물,생선",(지번) 봉천동 735-11,2.5,4건,리뷰 5
신림가든,삼계탕,(지번) 신림동 1425-3,2.3,3건,리뷰 8
내사랑돈까스 신림점,"돈까스,우동",(지번) 신림동 465-32,3.8,8건,리뷰 7
장호덕손만두 서울보라매점,분식,(지번) 신림동 1440-24,5.0,4건,리뷰 5
구수옥설렁탕 신림점,설렁탕,(지번) 봉천동 947-12,2.7,13건,리뷰 15
단풍나무숲,"호프,요리주점",(지번) 신림동 1640-29,2.0,2건,리뷰 9
종가집마님김밥 신림점,분식,(지번) 봉천동 971-3,5.0,2건,리뷰 3
교동짬뽕,중화요리,(지번) 신림동 1638-14,2.0,4건,리뷰 3
함흥냉면,냉면,(지번) 봉천동 972-5,5.0,1건,리뷰 0
킹크랩대게한상 봉천점,"게,대게",(지번) 봉천동 949-20,2.1,7건,리뷰 21
공차 보라매점,카페,(지번) 봉천동 729-24,1.0,3건,리뷰 3
배스킨라빈스 신림포도몰점,아이스크림,(지번) 신림동 1641-2,3.7,6건,리뷰 7
유우,일본식주점,(지번) 봉천동 721-6,5.0,2건,리뷰 6
맵당 신림점,갈비,(지번) 신림동 1637-6,0.0,0건,리뷰 41
루비정,중화요리,(지번) 신림동 10-661,3.8,9건,리뷰 32
컴포즈커피 신림1호점,커피전문점,(지번) 신림동 1639-2,2.1,10건,리뷰 3
리춘시장 신림역점,"호프,요리주점",(지번) 신림동 1639-65,4.3,4건,리뷰 6
더빈마켓,카페,(지번) 신림동 493-21,5.0,3건,리뷰 17
올빼미상회 신림점,"호프,요리주점",(지번) 신림동 1454-3,5.0,2건,리뷰 0
왕돈가스왕냉면,분식,(지번) 신림동 1587-22,3.5,8건,리뷰 2
멕시코리아,"멕시칸,브라질",(지번) 신림동 1425-8,4.0,1건,리뷰 7
김채원24시감자탕,감자탕,(지번) 봉천동 702-3,1.0,1건,리뷰 1
해랑강 양다리양꼬치,양꼬치,(지번) 봉천동 702-3,5.0,4건,리뷰 2
부여소부리보리밥,한식,(지번) 봉천동 702-4,5.0,1건,리뷰 7
빽다방 신림역2호점,커피전문점,(지번) 신림동 1641-12,3.8,5건,리뷰 3
궁중 삼계탕,삼계탕,(지번) 신대방동 395-66,3.2,6건,리뷰 5
본죽 신림역점,죽,(지번) 신림동 1637-3,2.6,9건,리뷰 3
고고즉석떡볶이 신림역점,분식,(지번) 신림동 1424-9,4.5,4건,리뷰 13
장충영양족발,"족발,보쌈",(지번) 신림동 10-627,5.0,7건,리뷰 11
